College name,Name,Roll no,Class,Div,Subject,Phone no,Address,Male/Female,State
EKC,Harshad,29,12,J,Computer Science,9778362422,Oorakam yarampadi vengara,Male,Kerala
pkm,Arun,2,1,A,maths,977838575, yarampadi vengara,Male,Kerala
gis,Fanu,46,2,S, Science,973852422, vengara,Male,Kerala
kqb,Monu,27,3,F,Humanties,97285622,Oorakam yarampadi ,Male,Kerala
kfv,Fella,83,4,D,Ai,9778299832,habeofeige,Female,Kerala
kiv,Ayan,46,5,H,Java,8089632422,Oorakawjwa,Male,Kerala
ilw,Zoohi,28,6,L,Python,9725495422,Ooqkfwadi vengara,Female,Kerala
qfy,Layan,34,7,Z,C++,9724036522,Oorakkwigmeoara,Male,Kerala
lan,Aiden,16,8,X,Biology,9772040022,yoyekumbdsgara,Male,Kerala
evk,Azah,21,9,C,Commerce,9718352822,qlkdimepdjqara,Female,Kerala
